09.07.2023;bgy
30.01.2023;bgy
27.01.2023;bgy
05.02.2023;bgy
11.01.2023;bgy
27.02.2023;bgy
15.03.2023;bgy
03.02.2023;bgy
01.01.2023;bgy
05.02.2023;bgy
06.02.2023;bgy
23.02.2023;bgy
16.02.2023;bgy
06.04.2023;bgy
05.02.2023;bgy
03.07.2023;bgy
28.01.2023;bgy
22.02.2023;bgy
27.02.2023;bgy
16.03.2023;bgy
16.02.2023;bgy
27.06.2023;bgy
12.02.2023;bgy
08.02.2023;bgy
04.02.2023;bgy
04.05.2023;bgy
04.02.2023;bgy
06.02.2023;bgy
08.01.2023;bgy
04.02.2023;bgy
24.02.2023;bgy
06.02.2023;bgy
10.01.2023;bgy
08.02.2023;bgy
06.01.2023;bgy
19.07.2023;bgy
14.02.2023;bgy
29.06.2023;bgy
25.02.2023;bgy
23.02.2023;bgy
04.02.2023;bgy
01.08.2023;bgy
01.02.2023;bgy
13.02.2023;bgy
28.04.2023;bgy
03.02.2023;bgy
04.02.2023;bgy
23.03.2023;bgy
24.02.2023;bgy
09.02.2023;bgy
07.03.2023;bgy
27.02.2023;bgy
24.02.2023;bgy
25.02.2023;bgy
23.02.2023;bgy
06.02.2023;bgy
06.03.2023;bgy
17.03.2023;bgy
29.06.2023;bgy
02.03.2023;bgy
21.01.2023;bgy
20.07.2023;bgy
10.01.2023;bgy
14.02.2023;bgy
20.02.2023;bgy
30.01.2023;bgy
21.02.2023;bgy
30.03.2023;bgy
30.01.2023;bgy
08.02.2023;bgy
16.03.2023;bgy
14.02.2023;bgy
20.02.2023;bgy
26.02.2023;bgy
13.02.2023;bgy
05.02.2023;bgy
06.01.2023;bgy
28.02.2023;bgy
01.03.2023;bgy
09.02.2023;bgy
03.02.2023;bgy
18.06.2023;bgy
08.02.2023;bgy
31.01.2023;bgy
24.01.2023;bgy
07.02.2023;bgy
27.02.2023;bgy
20.02.2023;bgy
22.02.2023;bgy
15.01.2023;bgy
02.02.2023;bgy
13.07.2023;bgy
26.02.2023;bgy
10.02.2023;bgy
28.02.2023;bgy
03.02.2023;bgy
10.06.2023;bgy
16.03.2023;bgy
20.02.2023;bgy
21.02.2023;bgy
12.02.2023;bgy
02.03.2023;bgy
05.02.2023;bgy
09.03.2023;bgy
22.02.2023;bgy
01.02.2023;bgy
05.02.2023;bgy
10.02.2023;bgy
13.06.2023;bgy
15.07.2023;bgy
30.01.2023;bgy
27.01.2023;bgy
04.02.2023;bgy
20.02.2023;bgy
15.02.2023;bgy
27.01.2023;bgy
02.02.2023;bgy
13.03.2023;bgy
09.12.2022;bgy
31.05.2023;bgy
02.05.2023;bgy
11.02.2023;bgy
09.04.2023;bgy
09.12.2022;bgy
26.02.2023;bgy
23.02.2023;bgy
28.02.2023;bgy
07.05.2023;bgy
17.02.2023;bgy
22.02.2023;bgy
19.03.2023;bgy
04.02.2023;bgy
19.02.2023;bgy
11.02.2023;bgy
03.02.2023;bgy
04.07.2023;bgy
01.03.2023;bgy
27.02.2023;bgy
19.03.2023;bgy
05.02.2023;bgy
24.04.2023;bgy
14.02.2023;bgy
04.02.2023;bgy
27.02.2023;bgy
08.02.2023;bgy
24.02.2023;bgy
26.02.2023;bgy
13.02.2023;bgy
26.02.2023;bgy
26.02.2023;bgy
26.02.2023;bgy
26.02.2023;bgy
17.07.2023;bgy
25.01.2023;bgy
11.09.2023;bgy
23.02.2023;bgy
20.06.2023;bgy
23.02.2023;bgy
14.02.2023;bgy
11.02.2023;bgy
30.06.2023;bgy
22.01.2023;bgy
03.02.2023;bgy
06.01.2023;bgy
12.02.2023;bgy
26.02.2023;bgy
21.02.2023;bgy
25.07.2023;bgy
10.02.2023;bgy
19.07.2023;bgy
23.02.2023;bgy
08.02.2023;bgy
09.05.2023;bgy
06.02.2023;bgy
11.02.2023;bgy
12.02.2023;bgy
04.07.2023;bgy
27.01.2023;bgy
07.02.2023;bgy
26.02.2023;bgy
04.02.2023;bgy
26.02.2023;bgy
12.02.2023;bgy
06.01.2023;bgy
10.07.2023;bf1
22.02.2023;bf1
27.03.2023;bf1
16.08.2023;bf1
24.02.2023;bf1
30.01.2023;bf1
26.01.2023;bf1
04.09.2023;bf1
18.09.2023;bf1
11.07.2023;bf1
01.11.2023;bf1
29.03.2023;bf1
27.02.2023;bf1
16.02.2023;bf1
08.02.2023;bf1
23.04.2023;bf1
26.02.2023;bf1
19.07.2023;bf1
07.02.2023;bf1
14.09.2023;bf1
28.02.2023;bf1
11.09.2023;bf1
04.09.2023;bf1
04.02.2023;bf1
09.01.2023;bf1
14.02.2023;bf1
07.07.2023;bf1
13.04.2023;bf1
06.09.2023;bf1
16.06.2023;bf1
13.04.2023;bf1
28.02.2023;bf1
28.02.2023;bf1
16.02.2023;bf1
22.07.2023;bf1
19.09.2023;bf1
14.01.2023;bf1
09.02.2023;bf1
17.07.2023;bf1
24.02.2023;bf1
16.06.2023;bf1
05.07.2023;bf1
27.02.2023;bf1
04.09.2023;bf1
05.05.2023;bf1
26.02.2023;bf1
28.02.2023;bf1
17.02.2023;bf1
28.02.2023;bf1
01.09.2023;bf1
09.01.2023;bf1
26.07.2023;bf1
28.02.2023;bf1
28.02.2023;bf1
01.03.2023;bf1
07.09.2023;bf1
26.06.2023;bf1
18.02.2023;bf1
26.09.2023;bf1
23.06.2023;bf1
07.08.2023;bf1
24.02.2023;bf1
02.02.2023;bf1
03.02.2023;bf1
29.03.2023;bf1
10.07.2023;bf1
13.07.2023;bf1
13.02.2023;bf1
31.01.2023;bf1
26.01.2023;bf1
28.08.2023;bf1
23.02.2023;bf1
17.07.2023;bf1
23.02.2023;bf1
09.05.2023;bf1
04.09.2023;bf1
27.02.2023;bf1
15.01.2023;bf1
07.02.2023;bf1
28.02.2023;bf1
24.08.2023;bf1
26.06.2023;bf1
04.09.2023;bf1
20.07.2023;bf1
14.02.2023;bf1
22.02.2023;bf1
01.02.2023;bf1
19.07.2023;bf1
28.08.2023;bf1
04.02.2023;bf1
24.02.2023;bf1
31.07.2023;bf1
07.09.2023;bf1
11.04.2023;bf1
19.02.2023;bf1
09.08.2023;bf1
28.02.2023;bf1
10.02.2023;bf1
18.04.2023;bf1
03.03.2023;bf1
23.02.2023;bf1
13.02.2023;bf1
08.02.2023;bf1
26.09.2023;bf1
25.05.2023;bf1
19.07.2023;bf1
28.02.2023;bf1
28.02.2023;bf1
02.05.2023;bf1
27.02.2023;bf1
18.02.2023;bf1
24.02.2023;bf1
26.05.2023;bf1
25.02.2023;bf1
31.01.2023;bf1
02.08.2023;bf1
27.02.2023;bf1
11.01.2023;bf1
16.03.2023;bf1
04.07.2023;bf1
04.09.2023;bf1
23.02.2023;bf1
07.07.2023;bf1
04.02.2023;bf1
10.09.2023;bf1
25.07.2023;bf1
05.05.2023;bf1
17.02.2023;bf1
22.08.2023;bf1
25.04.2023;bf1
13.07.2023;bf1
02.02.2023;bf1
17.02.2023;bf1
14.08.2023;bf1
17.02.2023;bf1
06.03.2023;bf1
28.02.2023;bf1
07.09.2023;bf1
28.02.2023;bf1
28.02.2023;bf1
03.05.2023;bf1
18.09.2023;bf1
26.02.2023;bf1
19.02.2023;bf1
10.02.2023;bf1
28.02.2023;bf1
04.09.2023;bf1
01.02.2023;bf1
07.02.2023;bf1
29.07.2023;bf1
18.01.2023;bf1
13.07.2023;bf1
04.09.2023;bf1
13.07.2023;bf1
20.01.2023;bf1
28.06.2023;bf1
04.09.2023;bf1
07.03.2023;bf1
03.02.2023;bf1
19.07.2023;bf1
11.01.2023;bf1
28.02.2023;bf1
09.08.2023;bf1
29.08.2023;bf1
14.09.2023;bf1
14.06.2023;bf1
24.02.2023;bf1
20.03.2023;bf1
01.04.2023;bf1
03.03.2023;bf1
06.09.2023;bf1
18.09.2023;bf1
20.01.2023;bf1
06.09.2023;bf1
15.08.2023;bf1
10.07.2023;bf1
01.09.2023;bf1
18.01.2023;bf1
28.08.2023;bf1
16.02.2023;bf1
13.01.2023;bf1
28.02.2023;bf1
23.02.2023;bf1
25.08.2023;bf1
14.03.2023;bf1
03.07.2023;bf1
23.02.2023;bf1
28.02.2023;bf1
07.07.2023;bf1
26.08.2023;bf1
18.07.2023;bf1
04.02.2023;bf1
04.09.2023;bf1
14.02.2023;bf1
30.05.2023;bf1
20.07.2023;bf1
22.03.2023;bf1
20.06.2023;bf1
06.09.2023;bf1
08.09.2023;bf1
13.01.2023;bf1
18.02.2023;bf1
31.01.2023;bf1
01.03.2023;bf1
31.08.2023;bf1
15.06.2023;bf1
05.07.2023;bf1
01.03.2023;bf1
15.02.2023;bf1
18.07.2023;bf1
26.02.2023;bf1
31.01.2023;bf1
28.02.2023;bf1
27.02.2023;bf1
23.02.2023;bf1
20.02.2023;bf1
06.07.2023;bf1
28.07.2023;bf1
26.01.2023;bf1
21.07.2023;bf1
15.02.2023;bf1
23.02.2023;bf1
07.02.2023;bf1
19.07.2023;bf1
14.06.2023;bf1
31.01.2023;bf1
07.07.2023;bf1
09.05.2023;bf1
20.02.2023;bf1
27.02.2023;bf1
26.02.2023;bf1
13.03.2023;bf1
28.08.2023;bf1
24.02.2023;bf1
09.05.2023;bf1
07.02.2023;bf1
28.07.2023;bf1
24.02.2023;bf1
05.07.2023;bf1
18.08.2023;bf1
30.07.2023;bf1
18.01.2023;bf1
07.03.2023;bf1
06.03.2023;bf1
30.01.2023;bf1
04.08.2023;bf1
15.02.2023;bf1
24.04.2023;bf1
27.06.2023;bf1
28.02.2023;bf1
18.08.2023;bf1
01.08.2023;bf1
27.02.2023;bf1
19.07.2023;bf1
04.02.2023;bf1
02.08.2023;bf1
07.09.2023;bf1
26.06.2023;bf1
26.04.2023;bf1
04.09.2023;bf1
03.03.2023;bf1
03.05.2023;bf1
29.03.2023;bf1
06.03.2023;bf1
01.09.2023;bf1
10.08.2023;bf1
27.02.2023;bf1
05.10.2023;bf1
20.06.2023;bf1
14.07.2023;bf1
08.01.2023;bf1
16.08.2023;bf1
01.02.2023;bf1
07.03.2023;bf2
28.02.2023;bf2
07.03.2023;bf2
26.02.2023;bf2
30.03.2023;bf2
13.03.2023;bf2
10.04.2023;bf2
01.02.2023;bf2
28.02.2023;bf2
12.10.2023;bf2
14.03.2023;bf2
13.02.2023;bf2
28.02.2023;bf2
07.03.2023;bf2
28.01.2023;bf2
01.03.2023;bf2
14.02.2023;bf2
02.02.2023;bf2
31.01.2023;bf2
07.03.2023;bf2
13.07.2023;bf2
10.02.2023;bf2
24.04.2023;bf2
15.02.2023;bf2
27.02.2023;bf2
01.02.2023;bf2
15.02.2023;bf2
10.07.2023;bf2
19.02.2023;bf2
27.02.2023;bf2
01.03.2023;bf2
13.04.2023;bf2
05.09.2023;bf2
30.06.2023;bf2
30.01.2023;bf2
16.03.2023;bf2
23.08.2023;bf2
16.06.2023;bf2
05.07.2023;bf2
01.02.2023;bf2
27.01.2023;bf2
07.03.2023;bf2
16.02.2023;bf2
02.02.2023;bf2
08.02.2023;bf2
02.02.2023;bf2
16.09.2023;bf2
14.03.2023;bf2
01.02.2023;bf2
16.07.2023;bf2
15.02.2023;bf2
10.03.2023;bf2
15.03.2023;bf2
17.02.2023;bf2
18.04.2023;bf2
16.03.2023;bf2
13.03.2023;bf2
30.01.2023;bf2
01.02.2023;bf2
09.01.2023;bf2
20.02.2023;bf2
09.05.2023;bs
23.06.2023;bs
22.09.2023;bs
04.09.2023;bs
25.09.2023;bs
04.09.2023;bs
28.09.2023;bs
12.07.2023;bs
13.07.2023;bs
29.06.2023;bs
10.07.2023;bs
11.07.2023;bs
25.07.2023;bs
30.08.2023;bs
10.09.2023;bs
21.07.2023;bs
04.01.2023;bs
10.09.2023;bs
29.09.2023;bs
21.07.2023;bs
04.09.2023;bs
05.09.2023;bs
06.09.2023;bs
14.04.2023;bs
11.01.2023;bs
14.09.2023;bs
31.08.2023;bs
29.03.2023;bs
04.09.2023;bs
04.09.2023;bs
04.09.2023;bs
04.09.2023;bs
04.09.2023;bs
24.07.2023;bs
04.09.2023;bs
11.09.2023;bs
25.08.2023;bs
22.06.2023;bs
28.08.2023;bs
31.08.2023;bs
14.06.2023;bs
20.01.2023;bs
07.09.2023;bs
30.01.2023;bs
07.03.2023;bs
11.07.2023;bs
01.09.2023;bs
18.08.2023;bs
26.07.2023;bs
04.09.2023;bs
08.07.2023;bs
26.07.2023;bs
11.09.2023;bs
05.09.2023;bs
04.09.2023;bs
28.08.2023;bs
11.09.2023;bs
07.09.2023;bs
02.10.2023;bs
26.07.2023;bs
13.09.2023;bs
05.09.2023;bs
07.09.2023;bs
21.09.2023;bs
04.09.2023;bs
26.10.2022;bs
06.04.2023;bs
05.10.2023;bs
06.09.2023;bs
04.09.2023;bs
04.09.2023;bs
22.09.2023;bs
13.07.2023;bs
07.07.2023;bs
11.09.2023;bs
04.09.2023;bs
08.09.2023;bs
19.07.2023;bs
04.09.2023;bs
10.07.2023;bs
04.09.2023;bs
04.09.2023;bs
07.09.2023;bs
07.09.2023;bs
29.03.2023;bs
05.10.2023;bs
05.09.2023;bs
26.09.2023;bs
07.09.2023;bs
20.06.2023;bs
06.09.2023;bs
14.09.2023;bs
04.09.2023;bs
04.09.2023;bs
08.05.2023;bs
06.09.2023;bs
04.09.2023;bs
23.01.2023;bs
19.09.2023;bs
31.07.2023;bs
04.09.2023;bs
15.09.2023;bs
05.10.2023;bs
04.09.2023;bs
30.08.2023;bs
04.09.2023;bs
22.09.2023;bs
21.06.2023;bs
04.09.2023;bs
26.07.2023;bs
26.09.2023;bs
04.09.2023;bs
01.09.2023;bs
26.06.2023;bs
05.09.2023;bs
17.08.2023;bs
09.09.2023;bs
28.06.2023;bs
16.10.2023;bs
20.07.2023;bs
06.07.2023;bs
04.09.2023;bs
17.02.2023;bs
27.10.2022;bs
04.09.2023;bs
07.09.2023;bs
17.07.2023;bs
18.09.2023;bs
04.09.2023;bs
04.09.2023;bs
05.09.2023;bs
29.03.2023;bs
03.02.2023;bs
16.06.2023;bs
04.09.2023;bs
04.09.2023;bs
31.08.2023;bs
28.03.2023;bs
18.07.2023;bs
16.07.2023;bs
12.10.2023;bs
30.06.2023;bs
05.10.2023;bs
04.09.2023;bs
21.06.2023;bs
04.09.2023;bs
06.09.2023;bs
05.09.2023;bs
07.06.2023;bs
04.09.2023;bs
01.09.2023;bs
06.07.2023;bs
26.07.2023;bs
19.09.2023;bs
26.07.2023;bs
18.09.2023;bs
06.11.2023;bs
20.09.2023;bs
04.09.2023;bs
14.06.2023;bs
09.08.2023;bs
14.09.2023;bs
04.09.2023;bs
04.09.2023;bs
04.09.2023;bs
08.09.2023;bs
04.10.2023;bs
17.07.2023;bs
04.09.2023;bs
15.06.2023;bs
04.09.2023;bs
04.09.2023;bs
06.09.2023;bs
13.09.2023;bs
07.02.2023;bs
01.09.2023;bs
04.09.2023;bs
10.08.2023;bs
07.03.2023;bs
20.06.2023;bs
04.09.2023;bs
06.09.2023;bs
16.01.2023;bs
20.07.2023;bs
19.06.2023;bs
26.07.2023;bs
04.09.2023;bs
10.10.2023;bs
10.07.2023;bs
31.08.2023;bs
12.09.2023;bs
25.05.2023;bs
24.04.2023;bs
04.09.2023;bs
20.09.2023;bs
04.09.2023;bs
18.09.2023;bs
05.09.2023;bs
25.09.2023;bs
14.09.2023;bs
04.09.2023;bs
07.09.2023;bs
28.09.2023;bs
04.09.2023;bs
04.09.2023;bs
12.09.2023;bs
26.09.2023;bs
08.09.2023;bs
05.09.2023;bs
01.09.2023;bs
26.09.2023;bs
11.09.2023;bs
04.09.2023;bs
13.07.2023;bs
08.09.2023;bs
03.05.2023;bs
27.07.2023;bs
13.07.2023;bs
04.09.2023;bs
30.08.2023;bs
28.07.2023;bs
11.09.2023;bs
04.09.2023;bs
11.09.2023;bs
04.09.2023;bs
09.10.2023;bs
04.08.2023;bs
04.09.2023;bs
05.09.2023;bs
12.10.2023;bs
04.09.2023;bs
28.06.2023;bvj
22.02.2023;bvj
01.02.2023;bvj
31.08.2023;bvj
27.08.2023;bvj
17.07.2023;bvj
26.06.2023;bvj
13.07.2023;bvj
04.09.2023;bvj
15.03.2023;bvj
12.07.2023;bvj
09.03.2023;bvj
07.07.2023;bvj
16.02.2023;bvj
02.02.2023;bvj
11.09.2023;bvj
31.08.2023;bvj
20.06.2023;bvj
28.04.2023;bvj
25.02.2023;bvj
01.02.2023;bvj
25.05.2023;bvj
22.02.2023;bvj
30.06.2023;bvj
30.06.2023;bvj
21.06.2023;bvj
08.02.2023;bvj
05.06.2023;bvj
08.02.2023;bvj
21.02.2023;bvj
17.04.2023;bvj
19.06.2023;bvj
08.02.2023;bvj
15.03.2023;bvj
27.06.2023;bvj
13.04.2023;bvj
23.02.2023;bvj
25.08.2023;bvj
20.03.2023;bvj
13.06.2023;bvj
13.06.2023;bvj
02.03.2023;bvj
13.02.2023;bvj
06.07.2023;bvj
05.07.2023;bvj
22.02.2023;bvj
05.09.2023;bvj
08.05.2023;bvj
23.02.2023;bvj
27.04.2023;bvj
27.06.2023;bvj
23.04.2023;bvj
29.03.2023;bvj
18.04.2023;bvj
19.01.2023;bvj
10.03.2023;bvj
27.02.2023;bvj
16.02.2023;bvj
13.07.2023;bvj
22.03.2023;bvj
19.08.2023;bvj
14.04.2023;bvj
17.09.2023;bvj
31.03.2023;bvj
12.07.2023;bvj
23.02.2023;bvj
06.02.2023;bvj
06.07.2023;bvj
06.09.2023;bvj
13.09.2023;bvj
20.04.2023;bvj
23.02.2023;bvj
27.02.2023;bvj
09.05.2023;bvj
19.06.2023;bvj
23.02.2023;bvj
12.04.2023;bvj
26.06.2023;bvj
04.02.2023;bvj
12.02.2023;bvj
17.04.2023;bvj
04.02.2023;bvj
04.10.2023;bvj
15.03.2023;bvj
29.08.2023;bvj
03.07.2023;bvj
15.06.2023;bvj
05.04.2023;bvj
13.06.2023;bvj
06.07.2023;bvj
16.02.2023;bvj
01.08.2023;bvj
05.07.2023;bvj
05.07.2023;bvj
02.05.2023;bvj
08.09.2023;bvj
27.02.2023;bvj
01.03.2023;bvj
02.07.2023;bvj
15.03.2023;bvj
27.06.2023;bvj
12.04.2023;bvj
07.07.2023;bvj
12.07.2023;bvj
28.02.2023;bvj
28.02.2023;bvj
05.09.2023;bvj
25.01.2023;bvj
19.06.2023;bvj
28.02.2023;bvj
25.04.2023;bvj
20.07.2023;bvj
01.03.2023;bvj
12.09.2023;dbos
13.09.2023;dbos
13.10.2023;dbos
13.10.2023;dbos
13.09.2023;dbos
13.10.2023;dbos
13.10.2023;dbos
13.10.2023;dbos
10.10.2023;fs
27.03.2023;fs
09.02.2023;fs
23.10.2023;fs
13.09.2023;fs
08.02.2023;fs
01.03.2023;fs
24.04.2023;fs
13.01.2023;fs
18.01.2023;fs
13.02.2023;fs
20.02.2023;fs
06.06.2023;fs
19.07.2023;fs
29.06.2023;fs
07.02.2023;fs
05.02.2023;fs
01.06.2023;fs
23.10.2023;fs
25.01.2023;fs
20.02.2023;fs
15.01.2023;fs
14.02.2023;fs
14.02.2023;fs
03.02.2023;fs
26.09.2023;fs
26.02.2023;fs
05.07.2023;fs
10.08.2023;fs
25.03.2023;fs
05.02.2023;fs
03.07.2023;fs
10.08.2023;fs
13.02.2023;fs
05.02.2023;fs
14.08.2023;fs
25.01.2023;fs
19.07.2023;fs
20.02.2023;fs
27.03.2023;fs
30.03.2023;fs
01.02.2023;fs
02.03.2023;fs
02.04.2023;fs
29.01.2023;fs
11.04.2023;fs
22.01.2023;hbf
14.02.2023;hbf
04.02.2023;hbf
03.07.2023;hbf
03.02.2023;hbf
27.02.2023;hbf
09.02.2023;hbf
19.02.2023;hbf
08.09.2023;hbf
23.02.2023;hbf
11.02.2023;hbf
01.03.2023;hbf
19.02.2023;hbf
18.01.2023;hbf
04.02.2023;hbf
17.02.2023;hbf
04.05.2023;hbf
08.01.2023;hbf
23.02.2023;hbf
08.01.2023;hbf
27.02.2023;hbf
14.04.2023;hbf
12.01.2023;hbf
18.12.2022;hbf
10.03.2023;hbf
01.03.2023;hbf
14.07.2023;hbf
21.02.2023;hbf
24.02.2023;hbf
28.03.2023;hbf
12.02.2023;hbf
08.02.2023;hbf
11.02.2023;hbf
04.09.2023;hbf
11.07.2023;hbf
17.03.2023;hbf
30.01.2023;hbf
14.02.2023;hbf
02.08.2023;hbf
17.07.2023;hbf
28.02.2023;hbf
03.02.2023;hbf
13.03.2023;hbf
26.02.2023;hbf
16.01.2023;hbf
08.03.2023;hbf
19.02.2023;hbf
09.02.2023;hbf
27.07.2023;hbf
04.07.2023;hbf
14.02.2023;hbf
13.06.2023;hbf
17.08.2023;hbf
03.08.2023;hbf
05.02.2023;hbf
13.02.2023;hbf
15.02.2023;hbf
18.02.2023;hbf
04.02.2023;hbf
18.03.2023;hbf
27.02.2023;hbf
28.08.2023;hbf
04.09.2023;hbf
21.03.2023;hbf
24.02.2023;hbf
24.02.2023;hbf
03.05.2023;hbf
31.01.2023;hbf
28.01.2023;hbf
04.02.2023;hbf
04.02.2023;hbf
15.02.2023;hbf
02.02.2023;hbf
08.02.2023;hbf
06.07.2023;hbf
02.01.2023;hbf
12.02.2023;hbf
01.08.2023;hbf
12.02.2023;hbf
01.03.2023;hbf
02.03.2023;hbf
23.02.2023;hbf
31.03.2023;hbf
05.02.2023;hbf
20.02.2023;hbf
24.04.2023;hbf
05.02.2023;hbf
29.08.2023;hbf
07.02.2023;hbf
12.02.2023;hbf
02.02.2023;hbf
08.01.2023;hbf
28.02.2023;hbf
18.02.2023;hbf
23.01.2023;hbf
23.01.2023;hbf
28.02.2023;hbf
03.02.2023;hbf
03.03.2023;hbf
17.01.2023;hbf
12.06.2023;hbf
01.08.2023;hbf
25.04.2023;hbf
01.03.2023;hbf
15.02.2023;hbf
03.03.2023;hbf
03.02.2023;hbf
30.01.2023;hbf
04.02.2023;hbf
31.01.2023;hbf
06.08.2023;hbf
14.07.2023;hbf
13.03.2023;hbf
18.04.2023;hbf
30.03.2023;hbf
17.01.2023;hbf
20.02.2023;hbf
06.01.2023;hbf
27.02.2023;hbf
02.02.2023;hbf
12.07.2023;hbf
01.03.2023;hbf
28.02.2023;hbf
20.01.2023;hbf
03.02.2023;hbf
03.02.2023;hbf
31.01.2023;hbf
11.02.2023;hbf
12.06.2023;hbf
18.07.2023;hbf
02.02.2023;hbf
27.06.2023;hbf
29.01.2023;hbf
06.03.2023;hbf
06.02.2023;hbf
05.08.2023;hbf
13.02.2023;hbf
02.03.2023;hbf
24.02.2023;hbf
09.03.2023;hbf
10.02.2023;hbf
03.07.2023;hbf
07.02.2023;hbf
08.01.2023;hbf
10.02.2023;hbf
27.02.2023;hbf
17.02.2023;hbf
15.02.2023;hbf
16.02.2023;hbf
08.09.2023;hbf
09.01.2023;hbf
04.02.2023;hbf
09.02.2023;hbf
12.02.2023;hbf
06.02.2023;hbf
16.05.2023;hbf
13.03.2023;hbf
12.02.2023;hbf
04.02.2023;hbf
28.01.2023;hbf
26.02.2023;hbf
01.06.2023;hbf
27.02.2023;hbf
28.02.2023;hbf
23.02.2023;hbf
01.07.2023;hbf
26.04.2023;hbf
23.02.2023;hbf
13.02.2023;hbf
30.08.2023;hbf
08.02.2023;hbf
20.02.2023;hbf
06.02.2023;hbf
12.02.2023;hbf
02.02.2023;hbf
27.02.2023;hbf
20.01.2023;hbf
13.03.2023;hbf
01.03.2023;hbf
24.07.2023;hbf
25.06.2023;hbf
20.02.2023;hbf
27.02.2023;hbf
29.03.2023;hbf
19.06.2023;hbf
08.02.2023;hbf
06.10.2023;hbf
11.07.2023;hbf
25.01.2023;hbf
13.03.2023;hbf
28.02.2023;hbf
11.02.2023;hbf
01.05.2023;hbf
25.02.2023;hbf
28.02.2023;hbf
09.02.2023;hbf
08.01.2023;hbf
16.07.2023;hbf
11.02.2023;hbf
27.02.2023;hbf
23.01.2023;hbf
28.02.2023;hbf
30.01.2023;hbf
18.07.2023;hbf
31.01.2023;hbf
12.01.2023;hbf
02.02.2023;hbf
27.02.2023;hbf
06.02.2023;hbf
04.02.2023;hbf
24.01.2023;hbf
22.01.2023;hbf
28.01.2023;hbf
28.01.2023;hbf
18.02.2023;hbf
22.02.2023;hbf
03.08.2023;hbf
07.02.2023;hbf
09.02.2023;hbf
09.02.2023;hbf
27.02.2023;hbf
04.02.2023;hbf
01.03.2023;hbf
20.04.2023;hbf
01.03.2023;hbf
28.02.2023;hbf
27.01.2023;hbf
06.03.2023;hbf
08.02.2023;hbf
09.02.2023;hbf
13.01.2023;hbf
22.02.2023;hbf
27.02.2023;hbf
02.03.2023;hbf
08.02.2023;hbf
20.07.2023;hbf
14.01.2023;hbf
21.06.2023;hbf
21.06.2023;hbf
21.02.2023;hbf
13.02.2023;hbf
28.04.2023;hbf
04.07.2023;hbf
24.02.2023;hbf
01.03.2023;hbf
24.04.2023;hbf
27.02.2023;hbf
24.04.2023;hbf
26.01.2023;hbf
18.02.2023;hbf
22.03.2023;hbf
01.08.2023;hbf
06.03.2023;hbf
03.05.2023;hbf
30.06.2023;hbf
11.03.2023;hbf
29.03.2023;hbf
26.02.2023;hbf
23.02.2023;hbf
22.03.2023;hbf
19.02.2023;hbf
11.01.2023;hbf
09.03.2023;hbf
08.05.2023;hbf
13.07.2023;hbf
28.02.2023;hbf
26.02.2023;hbf
01.03.2023;hbf
07.09.2023;hbf
03.05.2023;hbf
17.02.2023;hbf
18.07.2023;hbf
21.01.2023;hbf
08.03.2023;hbf
25.01.2023;hbf
26.02.2023;hbf
26.02.2023;hbf
22.02.2023;hbf
11.09.2023;hbf
31.01.2023;hbf
08.06.2023;hbf
31.01.2023;hbf
19.01.2023;hbf
29.01.2023;hbf
28.03.2023;hbf
06.01.2023;hbf
23.02.2023;hbf
22.03.2023;hbf
06.02.2023;hbf
09.12.2022;hbf
15.02.2023;hbf
25.06.2023;hbf
29.06.2023;hbf
24.02.2023;hbf
30.01.2023;hbf
16.01.2023;hbf
13.02.2023;hbf
20.02.2023;hbf
08.10.2023;hbf
28.02.2023;hbf
26.02.2023;hbf
21.05.2023;hbf
01.02.2023;hbf
03.03.2023;hbf
04.02.2023;hbf
02.03.2023;hbf
11.01.2023;hbf
12.04.2023;hbf
22.09.2023;hbf
08.01.2023;hbf
15.02.2023;hbf
09.07.2023;hbf
